Product_Name, Price in Yen 
定価5.2万 _ JULIUS ユリウス★16-17FW ハイネックブルゾン size2 NILoS 二ルズ / Yohji Yamamoto the viridi-anne Rick Owens,100
定2.3万 ユリウス _JULIUS★希少 18FW NRMTK NYLON TAPE フィックスベルト 黒 NILoS 二ルズ / rick owens drkshdw Yohji Yamamoto y-3 ,110
定4.1万 ユリウス _JULIUS★18FW NRMTK デニムクロップドカマーパンツ 黒 size3 NILoS 二ルズ / rick owens drkshdw Yohji Yamamoto y-3,2100
1円～■国内正規品■希少■Rick Owens DRKSHDW リックオウエンス ジップアップパーカー マウンテンパーカー ユリウスDEVOAヴィリジアンma+,5250
RICK OWENS DRKSHDW メンフィス デニム パンツ バイカー　28,58000
RICK OWENS / リックオウエンス サルエル ロング パンツ drkshdw ブラック　Sサイズ,10000
【美品】RickOwens オールレザーラモーンズ【送料無料】,43800
☆リックオウエンス☆Rick Owens #メンズ#MENS#Tシャツ#グレー パリコレクション#ダークシャドウ#Dark shadow,500
☆リックオウエンス☆Rick Owens #メンズ#MENS#Tシャツ#黒 パリコレクション#ダークシャドウも発表#Dark shadow#貫く世界観,1000
Rick Owens フライトボンバー,35000
RICK OWENS DRKSHDW PRISONNER DRAWSTRING PANTS(DU18F7394-F|XSサイズ|BLACK),16000
rick owens drkshdw creatch カーゴパンツ サイズ S,69800
RICK OWENS DRKSHDW MOLLINO SWEAT(DU18F7287-F|XSサイズ|BLACK),10000
RICK OWENS DRKSHDW LS LEVEL TEE(DU16S1260-R|XSサイズ|BLACK),3200
rick owens 19fw larry track pants サイズ46 ブラック 極美品 リックオウエンス drkshdw boris bidjan saberi,59800
【新品同様】RickOwens ジオバスケット/GEOBASKET【送料無料】,49000
RICK OWENS DRKSHDW CARGO BOXERS(DU17F2381-TE|XSサイズ|BLACK),8500
rick owens 20ss tecuatl cropped サイズ46 ブラック 新品 リックオウエンス drkshdw boris bidjan saberi,49800
78YA●Rick Owens リックオウエンス Destroy Leather Heel Boots デストロイレザー ヒールブーツ SIZE:40 ブラック 黒 チャンキー シューズ,5500
リックオウエンス　RickOwens　14AW　moody　レザーブレスレット,40000
RICK OWENS DRKSHDW CREWNECK SWEAT(DU18F7270-BG|XSサイズ|BLACK),10500
【希少｜美品】Rick Owens リックオウエンス フライトジャケット【2005s/sモデル】【サイズS】MA-1 ボマージャケット ブルゾン,29800
リックオウエンス　RickOwens　14SS　vicious　メンフィス　memphis　46　drkshdw　ダークシャドウ,40000
☆リックオウエンス Rick owens☆シースルーカットソー Tシャツ ハイカットスニーカー レザーブルゾン パリコレ ケイトモス ブラッドピッド,1000
Rick Owens リックオウエンス サルエルパンツ,10000
A.F homme サイドスリット ロングスウェット 44 グレー ARTEFACT rick owens DEVOA incarnation エヌゼロナナ 取扱店購入,1320
リックオウエンス　RickOwens　07SS　drake　レザーパッチパンツ　XS,10000
RICK OWENS RU18S5285 BA 09 BLACK Sサイズ,30000
新品　rick owens mountain パーカー　S　DRKSHDW ,20000
Rick Owens ブーツ,50000
RICKOWENS レザー ライダース ジャケット 国内正規品 drkshdw ダークシャドウ リックオウエンス スニーカー カーゴ パンツ サルエル ,38000
Rick Owens リックオウエンス レザースニーカー42 27cm ブーツ シューズ 靴 革,49800
初期Rick Owens リックオウエンスDRKSHDWダークシャドウジップパーカ　XSサイズ,7000
rick owens 19s/s トートバッグ ノベルティ リックオウエンス ダークシャドウ drkshdw ユリウス Youji Yamamoto ,6000
rick owens リックオウエンス ホースレザー マネーベルト ボディバッグ drkshdw ダークシャドウ,60000
rick owens ストゥージズ バイカー レザー ジャケット 46 高級カーフレザー drkshdw ダークシャドウ リック オウエンス,70000
リックオウエンス RICK OWENS黒のサルエル,26500
RICK OWENS / リックオウエンス CARGO JOG カーゴジョガーパンツ,89800
美品　DRKSHDW rick owens mountain パーカー　S,25000
DRKSHDW rick owens デニム ジーンズ ダークシャドウ リックオウエンス M 黒 W31 ブラック,8000
【本物】【美品】RICK OWENSレザージャケット / サイズ：IT50（L）,30000
Rick Owens 19AW drawstring cargo cropped カーゴパンツ　クロップド,55000
rick owens パーカー　18aw,27000
RICK OWENS / リックオウエンス ランナー Adidas RO RUNNER ,45000
衝撃プライス！状態良好！RICK OWENS/リックオウエンス×adidasコラボ【RUNNER】ランナー高級上質レザースニーカー BLACK/黒 29cm表記！,9250
rickowens リックオウエンス レザー ネックウォレット 国内正規品 drkshdw ダークシャドウ リックオウエンス スニーカー カーゴ パンツ ,30000
定価40万　リックオウエンス　Rick Owens 14aw Moody パイソン　GEOBASKET サイズ43,155000
RICK OWENS / リックオウエンス veja スニーカー,24980
used RICK OWENS 16aw サイクロプス レザージャケット 46サイズ メンズ 牛革 カウレザー cyclops lether jacket リックオウエンス MASTODON,75000
稀少 新品未使用 rick owens リック オウエンス ミリタリーブーツ 42 ダークシャドウ drkshdw,50000
